{
    "T-Rex": {
        "MAE": {
            "agriculture": 8.773666666666667,
            "animal": 5.843800000000001,
            "areial": 3.13925,
            "bio": 13.976833333333337,
            "human": 12.576,
            "industrial": 5.144555555555555,
            "objects": 3.0652499999999994,
            "ocr": 6.072749999999999
        },
        "NMAE": {
            "agriculture": 0.3518,
            "animal": 0.25029999999999997,
            "areial": 0.13483333333333333,
            "bio": 0.36558333333333337,
            "human": 0.2095,
            "industrial": 0.17816666666666667,
            "objects": 0.12341666666666666,
            "ocr": 0.09924999999999999
        }
    },
    "GroundingDINO": {
        "MAE": {
            "agriculture": 7.819333333333335,
            "animal": 5.409549999999999,
            "areial": 3.684583333333333,
            "bio": 18.617166666666666,
            "game": 36.806666666666665,
            "human": 11.798749999999998,
            "industrial": 4.9334444444444445,
            "objects": 3.6855833333333323,
            "ocr": 25.27275
        },
        "NMAE": {
            "agriculture": 0.27656666666666674,
            "animal": 0.22005000000000002,
            "areial": 0.1596666666666667,
            "bio": 0.3246666666666667,
            "game": 0.6160000000000001,
            "human": 0.20500000000000002,
            "industrial": 0.145,
            "objects": 0.13966666666666666,
            "ocr": 0.171
        }
    },
    "BMNet": {
        "MAE": {
            "agriculture": 8.016433333333334,
            "animal": 6.02905,
            "areial": 4.157916666666666,
            "bio": 17.153166666666667,
            "game": 36.59633333333334,
            "human": 14.969,
            "industrial": 4.605888888888888,
            "objects": 3.6472499999999997,
            "ocr": 6.24475
        },
        "NMAE": {
            "agriculture": 0.24766666666666673,
            "animal": 0.24785,
            "areial": 0.15333333333333335,
            "bio": 0.3229166666666667,
            "game": 0.5831666666666666,
            "human": 0.23249999999999998,
            "industrial": 0.14638888888888893,
            "objects": 0.143,
            "ocr": 0.13599999999999998
        }
    },
    "FamNet": {
        "MAE": {
            "agriculture": 25.598233333333333,
            "animal": 67.49549999999999,
            "areial": 63.44,
            "bio": 122.74666666666667,
            "game": 153.03833333333333,
            "human": 55.4825,
            "industrial": 38.09438888888889,
            "objects": 27.675833333333333,
            "ocr": 95.70075
        },
        "NMAE": {
            "agriculture": 1.0332000000000003,
            "animal": 3.5278,
            "areial": 4.784916666666667,
            "bio": 4.371333333333333,
            "game": 2.8000000000000003,
            "human": 1.4387500000000002,
            "industrial": 1.0405555555555557,
            "objects": 1.1126666666666665,
            "ocr": 0.6292500000000001
        }
    },
    "LOCA": {
        "MAE": {
            "agriculture": 64.0748,
            "animal": 61.4816,
            "areial": 62.129083333333334,
            "bio": 73.99275,
            "game": 21.686666666666667,
            "human": 179.1325,
            "industrial": 24.196166666666663,
            "objects": 26.604416666666665,
            "ocr": 114.75750000000001
        },
        "NMAE": {
            "agriculture": 2.0957,
            "animal": 3.4116,
            "areial": 4.105583333333334,
            "bio": 2.6311666666666667,
            "game": 0.3153333333333333,
            "human": 7.54525,
            "industrial": 0.9154444444444445,
            "objects": 0.9356666666666666,
            "ocr": 1.8057500000000002
        }
    }
}