{
    "T-Rex": {
        "MAE": {
            "agriculture": 8.773666666666667,
            "animal": 5.843800000000001,
            "areial": 3.13925,
            "bio": 13.976833333333337,
            "human": 12.576,
            "industrial": 5.144555555555555,
            "objects": 3.0652499999999994,
            "ocr": 6.072749999999999
        },
        "NMAE": {
            "agriculture": 0.3518,
            "animal": 0.25029999999999997,
            "areial": 0.13483333333333333,
            "bio": 0.36558333333333337,
            "human": 0.2095,
            "industrial": 0.17816666666666667,
            "objects": 0.12341666666666666,
            "ocr": 0.09924999999999999
        }
    },
    "GroundingDINO": {
        "MAE": {
            "agriculture": 23.171966666666666,
            "animal": 17.81575,
            "areial": 15.990500000000003,
            "bio": 1183.4216666666666,
            "game": 120.27666666666666,
            "human": 46.47500000000001,
            "industrial": 44.96138888888889,
            "objects": 26.872083333333332,
            "ocr": 99.725
        },
        "NMAE": {
            "agriculture": 0.7719666666666668,
            "animal": 0.6478999999999999,
            "areial": 0.54475,
            "bio": 0.9468333333333333,
            "game": 0.9935,
            "human": 0.8125,
            "industrial": 0.8061666666666666,
            "objects": 0.8341666666666666,
            "ocr": 0.998
        }
    },
    "BMNet": {
        "MAE": {
            "agriculture": 37.02183333333333,
            "animal": 25.74675,
            "areial": 19.21258333333333,
            "bio": 57.374750000000006,
            "human": 65.93,
            "industrial": 26.159722222222218,
            "objects": 15.9765,
            "ocr": 59.5
        },
        "NMAE": {
            "agriculture": 1.690466666666667,
            "animal": 1.2666,
            "areial": 1.1450833333333335,
            "bio": 1.541666666666667,
            "human": 2.001,
            "industrial": 0.6750555555555556,
            "objects": 0.58975,
            "ocr": 0.6315
        }
    },
    "FamNet": {
        "MAE": {
            "agriculture": 25.598233333333333,
            "animal": 67.49549999999999,
            "areial": 63.44,
            "bio": 122.74666666666667,
            "game": 153.03833333333333,
            "human": 55.4825,
            "industrial": 38.09438888888889,
            "objects": 27.675833333333333,
            "ocr": 95.70075
        },
        "NMAE": {
            "agriculture": 1.0332000000000003,
            "animal": 3.5278,
            "areial": 4.784916666666667,
            "bio": 4.371333333333333,
            "game": 2.8000000000000003,
            "human": 1.4387500000000002,
            "industrial": 1.0405555555555557,
            "objects": 1.1126666666666665,
            "ocr": 0.6292500000000001
        }
    },
    "LOCA": {
        "MAE": {
            "agriculture": 64.0748,
            "animal": 61.4816,
            "areial": 62.129083333333334,
            "bio": 73.99275,
            "game": 21.686666666666667,
            "human": 179.1325,
            "industrial": 24.196166666666663,
            "objects": 26.604416666666665,
            "ocr": 114.75750000000001
        },
        "NMAE": {
            "agriculture": 2.0957,
            "animal": 3.4116,
            "areial": 4.105583333333334,
            "bio": 2.6311666666666667,
            "game": 0.3153333333333333,
            "human": 7.54525,
            "industrial": 0.9154444444444445,
            "objects": 0.9356666666666666,
            "ocr": 1.8057500000000002
        }
    }
}